<?xml version="1.0" encoding="UTF-8" ?>
<XMLDB PATH="local/monitorevasao/db" VERSION="20240321" COMMENT="XMLDB file for Monitor Evasao plugin">
    <TABLES>
        <TABLE NAME="local_monitorevasao_log" COMMENT="Registros de monitoramento">
            <FIELDS>
                <FIELD NAME="id" TYPE="int" LENGTH="10" NOTNULL="true" SEQUENCE="true"/>
                <FIELD NAME="userid" TYPE="int" LENGTH="10" NOTNULL="true" SEQUENCE="false"/>
                <FIELD NAME="lastcheck" TYPE="int" LENGTH="10" NOTNULL="true" SEQUENCE="false"/>
                <FIELD NAME="daysinactive" TYPE="int" LENGTH="5" NOTNULL="true" SEQUENCE="false"/>
            </FIELDS>
            <KEYS>
                <KEY NAME="primary" TYPE="primary" FIELDS="id"/>
            </KEYS>
        </TABLE>
    </TABLES>
</XMLDB> 